group,n,seqID,r1,orig,syrah,bcDist,type,orig.mapped,orig.x,orig.y,syrah.x,syrah.y,xydist
main,1,NS500406:711:HJ5LJBGXF:1:11101:1336:17887,TGCTATGTCTTCAGCGTTCCCGAGATCCATACTCATTCGGCGTT,TGCTATGTCCATAC,TGCTAATGTCCATA,8,bc1del bad bc,TGCTATCTCCATAC,1226.1,1868,2276,4820.8,3133.898188
main,2,NS500406:711:HJ5LJBGXF:1:11101:2349:19575,ACCGGAGTTCTCAGCATCCCGAGATTAGTTTTCCGTTATTCTTT,ACCGGAGTAGTTTT,ACCGGAGTTTAGTT,4,linkdel no bc,NA,NA,NA,3853,2792.4,NA
main,3,NS500406:711:HJ5LJBGXF:1:11303:9930:16307,CTAAATCTTCAGCGTTCCCGAGAGAAGTTTTCCTCCTATTTTTT,CTAAATCTGTTTTC,,Inf,bothdel bad bc,CTAAATCTGTTTTT,3452.3,1461.2,NA,NA,NA
supplement,1,NS500406:711:HJ5LJBGXF:1:11101:1167:9538,CTGTACTTTCTTCAGCGTTCCCGAGAGGACCACTCCGACATTTT,CTGTACTTGGACCA,CTGTACTTGGACCA,0,perfect,CTGTACTTGGACCA,1606,2639.7,1606,2639.7,0
supplement,2,NS500406:711:HJ5LJBGXF:1:11103:5627:4265,AGTTCCAGTCTTCAGCGTTCGAGATGTGCTATCGTGGACCGTTT,AGTTCCAGTGCTAT,AGTTCCAGTGTGCT,3,linkdel bad bc,AGTCCCAGTGCTAT,3302.1,759.13,1556.3,4537.7,4162.380195
supplement,3,NS500406:711:HJ5LJBGXF:1:11101:1641:2621,GGGAGACCTCTTCAGCGTTCCAGACTCCAAATCAAGCATCATTT,GGGAGACCCCAAAT,GGGAGACCCTCCAA,4,linkdel no bc,NA,NA,NA,1775.9,3463.4,NA
supplement,4,NS500406:711:HJ5LJBGXF:1:11101:2661:1760,AGATCCTTCTTCAGCGTTCCCGAGACTTCTTGTCGCCTGGGCTT,AGATCCTTTTCTTG,AGATCCCTCTTCTT,5,bc1del bad bc,AGATCCTGTTCTTG,1662.1,1621.4,2888.3,3269.8,2054.455889
supplement,5,NS500406:711:HJ5LJBGXF:1:11101:1181:4159,TTAGCCGTCTTCAGCGTTCCCGAGACTTTAATTCTTGGTTTATT,TTAGCCGTTTTAAT,TTAGCCCGCTTTAA,5,bc1del no bc,NA,NA,NA,3203.6,2502.6,NA
supplement,6,NS500406:711:HJ5LJBGXF:1:11101:1340:6009,CACCGAACTCTTCAGCGTTCCCGAGAAGTATCTCGCCCTTGATT,CACCGAACAGTATC,CACCGAACAGAATC,1,bc2del bad bc,CACCGAACAGAATC,1881.8,2775.6,1881.8,2775.6,0
supplement,7,NS500406:711:HJ5LJBGXF:1:11101:1444:18747,AGCAAGCGTCTTCAGCGTTCCCGAGATACAGCTCATATACATTT,AGCAAGCGTACAGC,AGCAAGCGTAACAG,4,bc2del no bc,NA,NA,NA,2214.1,2190.2,NA
supplement,8,NS500406:711:HJ5LJBGXF:1:11101:16132:3952,GGGTATTTTCTGCGTTCCCGAGACATCTAGTCACGAACAGTTTT,GGGTATTTCTAGTC,GGGTATTTCATCTA,4,bothdel bad bc,GGATATTTCTAGTC,1709.4,3746.3,2541.2,4497.3,1120.665981
supplement,9,NS500406:711:HJ5LJBGXF:1:11101:1793:10549,TCCAAACTTCAGCGTTCCCGAGAGTCATTGTCCGAAGGCCTTTT,TCCAAACTATTGTC,TCCAAAACGTCATT,6,bothdel no bc,NA,NA,NA,3999.4,3381.5,NA
supplement,10,NS500406:711:HJ5LJBGXF:1:11101:1584:5130,TGCTAACTTTTTTTTTTTTTTTTTTTTTTTTTTTTTTTTTTTTT,TGCTAACTTTTTTT,,Inf,nonsense bad bc,TGCTAACTTTTTTT,2245.3,4041.1,NA,NA,NA
supplement,11,NS500406:711:HJ5LJBGXF:1:11101:1900:18889,ATCACCAGTCAACAGCGTACCCGAGAATGATTATCTGCGGCGAT,ATCACCAGATGATT,,Inf,nonsense bad bc,ATCACCAGATGATT,2944.2,1134.1,NA,NA,NA
supplement,12,NS500406:711:HJ5LJBGXF:1:11101:1174:10814,CACTTTTTTTTTTTTTTTTTTTTTTTTTTTTTTTTTTTTTTTTT,CACTTTTTTTTTTT,,Inf,nonsense no bc,NA,NA,NA,NA,NA,NA